postId,postWriterId,postTitle,postContent,postImgUrl,postLikeCounts,postViewCounts,postCommentCounts,postCreatedAt
1,1,Title1,Content1,https://image.kr/img.jpg,123,1234,12345,202510071000
2,1,Title2,Content2,https://image.kr/img.jpg,123,1234,12345,202510071035
3,2,Title3,Content3,https://image.kr/img.jpg,123,1234,12345,202510071100
4,3,Title4,Content4,https://image.kr/img.jpg,123,1234,12345,202510071200
5,1,Title5,Content5,https://image.kr/img.jpg,123,1234,12345,202510071310
6,2,Title6,Content6,https://image.kr/img.jpg,123,1234,12345,202510081035
7,3,Title7,Content7,https://image.kr/img.jpg,123,1234,12345,202510081100
8,1,Title8,Content8,https://image.kr/img.jpg,123,1234,12345,202510081200
9,2,Title9,Content9,https://image.kr/img.jpg,123,1234,12345,202510081310
10,3,Title10,Content10,https://image.kr/img.jpg,123,1234,12345,202510091035
11,1,Title11,Content11,https://image.kr/img.jpg,123,1234,12345,202510091100
12,2,Title12,Content12,https://image.kr/img.jpg,123,1234,12345,202510091200
13,3,Title13,Content13,https://image.kr/img.jpg,123,1234,12345,202510091310
14,1,Title14,Content14,https://image.kr/img.jpg,123,1234,12345,202510101035
15,2,Title15,Content15,https://image.kr/img.jpg,123,1234,12345,202510101100
16,3,Title16,Content16,https://image.kr/img.jpg,123,1234,12345,202510101200
17,1,Title17,Content17,https://image.kr/img.jpg,123,1234,12345,202510101310
18,2,Title18,Content18,https://image.kr/img.jpg,123,1234,12345,202510111035
19,3,Title19,Content19,https://image.kr/img.jpg,123,1234,12345,202510111100
20,1,Title20,Content20,https://image.kr/img.jpg,123,1234,12345,202510111200
21,2,Title21,Content21,https://image.kr/img.jpg,123,1234,12345,202510111310
22,3,Title22,Content22,https://image.kr/img.jpg,123,1234,12345,202510121035
23,1,Title23,Content23,https://image.kr/img.jpg,123,1234,12345,202510121100
24,2,Title24,Content24,https://image.kr/img.jpg,123,1234,12345,202510121200
25,3,Title25,Content25,https://image.kr/img.jpg,123,1234,12345,202510121310